Workbook

Sheet house
A1: district_h | B1: total | C1: white | D1: black | E1: latino | F1: other | G1: pctwhite | H1: adjtotal | I1: adjwhite | J1: adjblack | K1: adjlatino | L1: adjother | M1: changepop | N1: changew | O1: changeb | P1: changel | Q1: changeo | R1: toosmall | S1: toobig
A2: 1 | B2: 194995 | C2: 128452 | D2: 41405 | E2: 15298 | F2: 9840 | G2: =C2/B2 -> 0.6587451 | H2: 194277 | I2: 128799 | J2: 41163 | K2: 14478 | L2: 9837 | M2: -718.0007 | N2: 346.9994 | O2: -241.9999 | P2: -820 | Q2: -3.000029 | R2: =COUNTIFS(H2,"<=" & housesum!$B$4 ) -> 0 | S2: =COUNTIFS(H2,">=" & housesum!$B$5 ) -> 0
A3: 2 | B3: 196284 | C3: 139560 | D3: 13652 | E3: 33228 | F3: 9844 | G3: =C3/B3 -> 0.71101058 | H3: 197753 | I3: 140530 | J3: 14027 | K3: 33347 | L3: 9849 | M3: 1469 | N3: 970.0002 | O3: 375 | P3: 118.9999 | Q3: 4.999865 | R3: =COUNTIFS(H3,"<=" & housesum!$B$4 ) -> 0 | S3: =COUNTIFS(H3,">=" & housesum!$B$5 ) -> 0
A4: 3 | B4: 202477 | C4: 120870 | D4: 8584 | E4: 60199 | F4: 12824 | G4: =C4/B4 -> 0.59695669 | H4: 203253.1 | I4: 121361.4 | J4: 8693.061 | K4: 60370.69 | L4: 12827.96 | M4: 776.137 | N4: 491.4169 | O4: 109.0608 | P4: 171.6942 | Q4: 3.964969 | R4: =COUNTIFS(H4,"<=" & housesum!$B$4 ) -> 0 | S4: =COUNTIFS(H4,">=" & housesum!$B$5 ) -> 0
A5: 4 | B5: 195819 | C5: 115380 | D5: 27148 | E5: 44027 | F5: 9264 | G5: =C5/B5 -> 0.58921759 | H5: 196703.4 | I5: 115919.8 | J5: 27401.82 | K5: 44115.78 | L5: 9266 | M5: 884.3703 | N5: 539.7695 | O5: 253.8168 | P5: 88.78423 | Q5: 1.999943 | R5: =COUNTIFS(H5,"<=" & housesum!$B$4 ) -> 0 | S5: =COUNTIFS(H5,">=" & housesum!$B$5 ) -> 0
A6: 5 | B6: 186084 | C6: 125669 | D6: 16588 | E6: 35845 | F6: 7982 | G6: =C6/B6 -> 0.6753348 | H6: 186882.3 | I6: 126276.8 | J6: 16803.16 | K6: 35824.16 | L6: 7978.102 | M6: 798.2596 | N6: 607.8332 | O6: 215.1621 | P6: -20.83765 | Q6: -3.898047 | R6: =COUNTIFS(H6,"<=" & housesum!$B$4 ) -> 0 | S6: =COUNTIFS(H6,">=" & housesum!$B$5 ) -> 0
A7: 6 | B7: 189005 | C7: 106250 | D7: 35083 | E7: 38327 | F7: 9345 | G7: =C7/B7 -> 0.56215444 | H7: 191164.7 | I7: 107176.2 | J7: 36078.84 | K7: 38558.84 | L7: 9350.898 | M7: 2159.74 | N7: 926.1671 | O7: 995.837 | P7: 231.8378 | Q7: 5.897942 | R7: =COUNTIFS(H7,"<=" & housesum!$B$4 ) -> 0 | S7: =COUNTIFS(H7,">=" & housesum!$B$5 ) -> 0
A8: 7 | B8: 202803 | C8: 116958 | D8: 43098 | E8: 34268 | F8: 8479 | G8: =C8/B8 -> 0.57670745 | H8: 204635 | I8: 117802 | J8: 43950 | K8: 34402 | L8: 8481 | M8: 1832 | N8: 844 | O8: 852.0003 | P8: 133.9997 | Q8: 2.000018 | R8: =COUNTIFS(H8,"<=" & housesum!$B$4 ) -> 0 | S8: =COUNTIFS(H8,">=" & housesum!$B$5 ) -> 1
A9: 8 | B9: 192599 | C9: 115289 | D9: 27665 | E9: 42337 | F9: 7308 | G9: =C9/B9 -> 0.59859605 | H9: 179796.6 | I9: 111336.2 | J9: 22524.18 | K9: 38696.22 | L9: 7240 | M9: -12802.37 | N9: -3952.769 | O9: -5140.817 | P9: -3640.784 | Q9: -68.00009 | R9: =COUNTIFS(H9,"<=" & housesum!$B$4 ) -> 1 | S9: =COUNTIFS(H9,">=" & housesum!$B$5 ) -> 0
A10: 9 | B10: 199902 | C10: 128840 | D10: 29702 | E10: 33621 | F10: 7739 | G10: =C10/B10 -> 0.64451581 | H10: 193591 | I10: 127543 | J10: 27097 | K10: 31263 | L10: 7688 | M10: -6311 | N10: -1297 | O10: -2605 | P10: -2358 | Q10: -50.99995 | R10: =COUNTIFS(H10,"<=" & housesum!$B$4 ) -> 0 | S10: =COUNTIFS(H10,">=" & housesum!$B$5 ) -> 0
A11: 10 | B11: 192455 | C11: 106495 | D11: 25811 | E11: 52032 | F11: 8117 | G11: =C11/B11 -> 0.55335013 | H11: 193376 | I11: 106965 | J11: 26088 | K11: 52202 | L11: 8121 | M11: 920.9994 | N11: 469.9999 | O11: 276.9999 | P11: 169.9995 | Q11: 4.000069 | R11: =COUNTIFS(H11,"<=" & housesum!$B$4 ) -> 0 | S11: =COUNTIFS(H11,">=" & housesum!$B$5 ) -> 0
A12: 11 | B12: 185491 | C12: 117250 | D12: 30713 | E12: 30788 | F12: 6740 | G12: =C12/B12 -> 0.63210614 | H12: 183475 | I12: 116417 | J12: 30171 | K12: 30166 | L12: 6721 | M12: -2016.001 | N12: -833.0002 | O12: -542 | P12: -622.0001 | Q12: -19.00006 | R12: =COUNTIFS(H12,"<=" & housesum!$B$4 ) -> 1 | S12: =COUNTIFS(H12,">=" & housesum!$B$5 ) -> 0
A13: 12 | B13: 202487 | C13: 111581 | D13: 37241 | E13: 45987 | F13: 7678 | G13: =C13/B13 -> 0.55105266 | H13: 186641.5 | I13: 106130 | J13: 31826.95 | K13: 41097.46 | L13: 7587.127 | M13: -15845.46 | N13: -5450.993 | O13: -5414.048 | P13: -4889.545 | Q13: -90.8734 | R13: =COUNTIFS(H13,"<=" & housesum!$B$4 ) -> 0 | S13: =COUNTIFS(H13,">=" & housesum!$B$5 ) -> 0
... A151: 150 | B151: 195678 | C151: 84819 | D151: 32312 | E151: 57700 | F151: 20847 | G151: =C151/B151 -> 0.43346212 | H151: 196418.6 | I151: 85027.14 | J151: 32670.94 | K151: 57865.36 | L151: 20855.17 | M151: 740.6166 | N151: 208.1402 | O151: 358.9449 | P151: 165.3627 | Q151: 8.168524 | R151: =COUNTIFS(H151,"<=" & housesum!$B$4 ) -> 0 | S151: =COUNTIFS(H151,">=" & housesum!$B$5 ) -> 0
A152: Total N | B152: 29145505 | C152: 11584597 | D152: 3727721 | E152: 11441717 | F152: 2391470 | H152: 29145507 | I152: 11584597 | J152: 3727722 | K152: 11441718 | L152: 2391470

Sheet housesum
A1: total pop | B1: =house!H152 -> 29145507
A2: target district size | B2: =B1/150 -> 194303.38
A3: 5% limit | B3: =0.05*B2 -> 9715.169
A4: min size | B4: =B2-B3 -> 184588.21
A5: max size | B5: =B2+B3 -> 204018.55
A7: average impact by race
A8: white | B8: -179
A9: black | B9: 127
A10: hispanic | B10: 166
A11: other | B11: 202
A13: avg adj % white | B13: =house!I$152/house!$H$152 -> 0.39747454
A14: avg adj % black | B14: =house!J$152/house!$H$152 -> 0.1279004
A15: avg adj % hispanic | B15: =house!K$152/house!$H$152 -> 0.39257227
A16: avg adj % other | B16: =house!L$152/house!$H$152 -> 0.082052785

Sheet senate
A1: district_s | B1: total | C1: white | D1: black | E1: latino | F1: other | G1: pctwhite | H1: adjtotal | I1: adjwhite | J1: adjblack | K1: adjlatino | L1: adjother | M1: changepop | N1: changew | O1: changeb | P1: changel | Q1: changeo | R1: toosmall | S1: toobig
A2: 1 | B2: 923466 | C2: 580402 | D2: 154300 | E2: 146949 | F2: 41815 | G2: =(C2/B2) -> 0.62850392 | H2: 923500 | I2: 581512 | J2: 154760 | K2: 145442 | L2: 41786 | M2: 33.99915 | N2: 1110 | O2: 459.9995 | P2: -1507 | Q2: -29.00014 | R2: =COUNTIFS(H2, "<=" & senatesum!$B$4) -> 0 | S2: =COUNTIFS(H2, ">=" & senatesum!$B$5) -> 0
A3: 2 | B3: 957994 | C3: 458609 | D3: 130763 | E3: 267926 | F3: 100696 | G3: =(C3/B3) -> 0.47871803 | H3: 962081.1 | I3: 460357.6 | J3: 132234.1 | K3: 268755.8 | L3: 100733.5 | M3: 4087.056 | N3: 1748.633 | O3: 1471.14 | P3: 829.8304 | Q3: 37.45305 | R3: =COUNTIFS(H3, "<=" & senatesum!$B$4) -> 0 | S3: =COUNTIFS(H3, ">=" & senatesum!$B$5) -> 0
A4: 3 | B4: 962222 | C4: 585173 | D4: 166723 | E4: 169262 | F4: 41064 | G4: =(C4/B4) -> 0.6081476 | H4: 937064.7 | I4: 577804 | J4: 157582.1 | K4: 160760.9 | L4: 40917.76 | M4: -25157.27 | N4: -7368.993 | O4: -9140.935 | P4: -8501.102 | Q4: -146.2417 | R4: =COUNTIFS(H4, "<=" & senatesum!$B$4) -> 0 | S4: =COUNTIFS(H4, ">=" & senatesum!$B$5) -> 0
A5: 4 | B5: 954803 | C5: 492630 | D5: 122549 | E5: 272901 | F5: 66723 | G5: =(C5/B5) -> 0.51594936 | H5: 958931.7 | I5: 494440.3 | J5: 124081 | K5: 273664.3 | L5: 66746.1 | M5: 4128.706 | N5: 1810.343 | O5: 1531.975 | P5: 763.2866 | Q5: 23.10063 | R5: =COUNTIFS(H5, "<=" & senatesum!$B$4) -> 0 | S5: =COUNTIFS(H5, ">=" & senatesum!$B$5) -> 0
A6: 5 | B6: 931924 | C6: 508428 | D6: 99601 | E6: 252135 | F6: 71760 | G6: =(C6/B6) -> 0.54556809 | H6: 918912.8 | I6: 504332.6 | J6: 95149.4 | K6: 247757.4 | L6: 71673.42 | M6: -13011.19 | N6: -4095.416 | O6: -4451.597 | P6: -4377.607 | Q6: -86.57628 | R6: =COUNTIFS(H6, "<=" & senatesum!$B$4) -> 0 | S6: =COUNTIFS(H6, ">=" & senatesum!$B$5) -> 0
A7: 6 | B7: 959881 | C7: 101674 | D7: 137377 | E7: 687842 | F7: 32988 | G7: =(C7/B7) -> 0.10592355 | H7: 963640.8 | I7: 101923.5 | J7: 138903.1 | K7: 689813.3 | L7: 33000.93 | M7: 3759.796 | N7: 249.5011 | O7: 1526.082 | P7: 1971.287 | Q7: 12.92581 | R7: =COUNTIFS(H7, "<=" & senatesum!$B$4) -> 0 | S7: =COUNTIFS(H7, ">=" & senatesum!$B$5) -> 0
A8: 7 | B8: 954011 | C8: 413253 | D8: 129538 | E8: 294159 | F8: 117061 | G8: =(C8/B8) -> 0.43317425 | H8: 957424.7 | I8: 414335.7 | J8: 130980.7 | K8: 295001.8 | L8: 117106.5 | M8: 3413.723 | N8: 1082.676 | O8: 1442.73 | P8: 842.8107 | Q8: 45.50493 | R8: =COUNTIFS(H8, "<=" & senatesum!$B$4) -> 0 | S8: =COUNTIFS(H8, ">=" & senatesum!$B$5) -> 0
A9: 8 | B9: 963125 | C9: 522756 | D9: 102474 | E9: 161400 | F9: 176495 | G9: =(C9/B9) -> 0.54277067 | H9: 965355.6 | I9: 523935.4 | J9: 103063.7 | K9: 161826 | L9: 176530.5 | M9: 2230.632 | N9: 1179.403 | O9: 589.7384 | P9: 425.9577 | Q9: 35.53312 | R9: =COUNTIFS(H9, "<=" & senatesum!$B$4) -> 0 | S9: =COUNTIFS(H9, ">=" & senatesum!$B$5) -> 0
A10: 9 | B10: 964126 | C10: 485644 | D10: 107616 | E10: 279040 | F10: 91826 | G10: =(C10/B10) -> 0.50371424 | H10: 968075 | I10: 487418.3 | J10: 108747 | K10: 280047.6 | L10: 91862.13 | M10: 3948.994 | N10: 1774.305 | O10: 1130.989 | P10: 1007.57 | Q10: 36.12998 | R10: =COUNTIFS(H10, "<=" & senatesum!$B$4) -> 0 | S10: =COUNTIFS(H10, ">=" & senatesum!$B$5) -> 0
A11: 10 | B11: 935869 | C11: 458713 | D11: 158732 | E11: 263847 | F11: 54577 | G11: =(C11/B11) -> 0.49014659 | H11: 939972.1 | I11: 460970.4 | J11: 160014.9 | K11: 264397.4 | L11: 54589.36 | M11: 4103.102 | N11: 2257.442 | O11: 1282.914 | P11: 550.3843 | Q11: 12.36115 | R11: =COUNTIFS(H11, "<=" & senatesum!$B$4) -> 0 | S11: =COUNTIFS(H11, ">=" & senatesum!$B$5) -> 0
A12: 11 | B12: 917878 | C12: 435720 | D12: 121991 | E12: 272085 | F12: 88082 | G12: =(C12/B12) -> 0.47470361 | H12: 914739.9 | I12: 434698.7 | J12: 121006.5 | K12: 270973.6 | L12: 88061.18 | M12: -3138.063 | N12: -1021.327 | O12: -984.4719 | P12: -1111.443 | Q12: -20.81984 | R12: =COUNTIFS(H12, "<=" & senatesum!$B$4) -> 0 | S12: =COUNTIFS(H12, ">=" & senatesum!$B$5) -> 0
A13: 12 | B13: 960904 | C13: 524560 | D13: 86236 | E13: 199258 | F13: 150850 | G13: =(C13/B13) -> 0.54590261 | H13: 962962 | I13: 525774 | J13: 86761.36 | K13: 199543 | L13: 150883.6 | M13: 2058.049 | N13: 1214.028 | O13: 525.3612 | P13: 285.0277 | Q13: 33.63259 | R13: =COUNTIFS(H13, "<=" & senatesum!$B$4) -> 0 | S13: =COUNTIFS(H13, ">=" & senatesum!$B$5) -> 0
... A32: 31 | B32: 907784 | C32: 415271 | D32: 48330 | E32: 402635 | F32: 41548 | G32: =(C32/B32) -> 0.45745574 | H32: 905987 | I32: 415112 | J32: 46669 | K32: 402663 | L32: 41543 | M32: -1797 | N32: -159 | O32: -1661 | P32: 27.99976 | Q32: -4.999969 | R32: =COUNTIFS(H32, "<=" & senatesum!$B$4) -> 0 | S32: =COUNTIFS(H32, ">=" & senatesum!$B$5) -> 0
A33: Total N | B33: 29145505 | C33: 11584597 | D33: 3727721 | E33: 11441717 | F33: 2391470 | H33: 29145507 | I33: 11584597 | J33: 3727722 | K33: 11441718 | L33: 2391469.9

Sheet senatesum
A1: total pop | B1: =senate!H33 -> 29145507
A2: target district size | B2: =B1/31 -> 940177.64
A3: 5% limit | B3: =0.05*B2 -> 47008.882
A4: min size | B4: =B2-B3 -> 893168.76
A5: max size | B5: =B2+B3 -> 987186.52
A7: average impact by race
A8: white | B8: -712
A9: black | B9: 747
A10: hispanic | B10: 469
A11: other | B11: 786
A13: avg adj % white | B13: =senate!I$33/senate!$H$33 -> 0.39747454
A14: avg adj % black | B14: =senate!J$33/senate!$H$33 -> 0.1279004
A15: avg adj % hispanic | B15: =senate!K$33/senate!$H$33 -> 0.39257228
A16: avg adj % other | B16: =senate!L$33/senate!$H$33 -> 0.082052782
